ssNo,name,date of birth,gender
841229-112N,Rodolfo O'Reilly,1984-12-29,M
780214-1893,Prof. Erling Morar MD,1978-02-14,F
950303-191X,Dr. Simeon Keeling II,1995-03-03,M
730218-253D,Dereck Beer,1973-02-18,M
971214-2818,Prof. Brice Metz PhD,1997-12-14,M
060325-323X,Darlene Brakus,2006-03-25,F
021201-3734,Prof. Raymond Beahan,2002-12-01,M
990614-395X,Josefa Greenfelder DVM,1999-06-14,M
050218-4796,Ms. Hassie Runolfsson PhD,2005-02-18,F
000127-4899,Ms. Opal Lang,2000-01-27,F
721030-5216,Noah Leuschke,1972-10-30,M
890104-753F,Lukas Runolfsdottir V,1989-01-04,M
720801-8748,Braeden Hackett,1972-08-01,M
021001-957O,John Larkin,2002-10-01,M
790608-9686,Gisselle Hilpert,1979-06-08,F
840805-1135,Lonzo Collier,1984-08-05,M
741104-114G,Marvin Fahey,1974-11-04,M
731122-126T,Johanna McClure,1973-11-22,F
060927-1438,Zetta Runolfsson,2006-09-27,F
801022-152O,Dane Barrows I,1980-10-22,F
850315-155F,Andreanne Jakubowski,1985-03-15,M
150601-1657,Mrs. Ophelia Corwin Sr.,2015-06-01,F
090202-1778,Alvera Medhurst,2009-02-02,F
801127-1830,Ms. Ivy Nolan,1980-11-27,F
930106-189U,Julius Marks,1993-01-06,M
950803-1903,Lyric Funk,1995-08-03,M
701117-199K,Leland Moen,1970-11-17,M
140307-203V,Rhea Hettinger,2014-03-07,M
031127-2165,Mathew Buckridge,2003-11-27,M
970801-218B,Jonathan Wyman,1997-08-01,M
000425-224A,Christian McGlynn,2000-04-25,M
130701-235N,Arnold Medhurst,2013-07-01,M
880706-240U,Prof. Willard Marquardt II,1988-07-06,M
871118-242U,Dr. Victor Armstrong,1987-11-18,M
701202-2506,Godfrey Haley Sr.,1970-12-02,M
110929-252V,Lilly Farrell V,2011-09-29,F
150416-255C,Jacklyn Padberg,2015-04-16,F
041030-267L,Isabell Nader,2004-10-30,F
720214-2797,Abbey Schuppe,1972-02-14,F
070117-2839,Estrella Johns,2007-01-17,F
751211-287B,Taylor Krajcik,1975-12-11,F
060729-292C,Marilou Ryan,2006-07-29,F
090707-295R,Alysson Jakubowski,2009-07-07,F
901010-3010,Emerald Johnson,1990-10-10,F
060421-302M,Faustino Barton,2006-04-21,M
801108-303B,Reva Waelchi,1980-11-08,F
710327-313B,Prof. Ewell Conn,1971-03-27,M
070101-326Q,Orpha Bogisich,2007-01-01,F
050922-330C,Mrs. Bulah Grant,2005-09-22,F
080514-3385,Dakota Greenfelder,2008-05-14,F
860811-3456,Syble Howe,1986-08-11,F
090502-3556,Mr. Dereck Brekke IV,2009-05-02,M
880810-358W,Braxton Hane,1988-08-10,M
130725-3724,Shemar Bradtke,2013-07-25,F
850212-376B,Mr. Ellis Jaskolski I,1985-02-12,M
720621-378H,Ms. Alisha Ortiz,1972-06-21,F
790503-394M,Kathlyn Moore,1979-05-03,F
930508-413K,Mr. Reid Little II,1993-05-08,M
960629-4156,Rossie Spinka,1996-06-29,F
190604-440B,Prof. Kevon Cummings,2019-06-04,M
090416-443L,Aliyah Harber,2009-04-16,M
120203-4446,Mr. Oren Block IV,2012-02-03,M
141231-4486,Kristina Pagac,2014-12-31,F
130205-474D,Elenora Sawayn,2013-02-05,F
951217-488K,Casey Brown,1995-12-17,M
930804-509I,Fay Ryan,1993-08-04,F
871128-519R,Flossie Torp,1987-11-28,F
990622-5231,Sid Hahn,1999-06-22,M
010327-525G,Dr. Mireille Hansen,2001-03-27,M
701127-5340,Mrs. Lorena Kreiger,1970-11-27,F
181012-5367,Bulah Heidenreich,2018-10-12,M
710724-5480,Dashawn Schamberger,1971-07-24,M
811005-5518,Miss Charity Powlowski,1981-10-05,F
011112-5614,Magnus Gerhold,2001-11-12,M
090226-5673,Dr. Lamont Ferry,2009-02-26,M
830820-576C,Loyal Hoeger,1983-08-20,M
120318-5791,Mathilde Smith,2012-03-18,F
010201-5814,Harrison Heaney,2001-02-01,M
041208-5838,Dr. Margarette Mertz IV,2004-12-08,F
160930-586P,Aiden Volkman,2016-09-30,F
160902-592P,Britney Gutmann,2016-09-02,F
011103-6045,Mrs. Kailyn Collier DVM,2001-11-03,F
710422-6080,Mr. Ike Wyman III,1971-04-22,M
881119-6103,Destiny Konopelski PhD,1988-11-19,F
890607-6113,Prof. Raphael Prosacco DVM,1989-06-07,M
960807-613R,Omer Denesik,1996-08-07,M
821213-6162,Tabitha Howe,1982-12-13,M
820126-623A,Miss Rosalyn Reichel MD,1982-01-26,F
000325-6271,Mariam Ritchie,2000-03-25,F
041122-6308,Prof. Demarco Hahn,2004-11-22,M
190615-6325,Ms. Nelda Brekke PhD,2019-06-15,F
180604-6419,Dr. Freddie Cartwright,2018-06-04,M
000506-642P,Cassandra Mayert,2000-05-06,F
021130-649D,Dr. Jayson Glover DVM,2002-11-30,M
990903-6514,Eldred Blanda,1999-09-03,F
881006-6543,Trycia Jaskolski,1988-10-06,F
780807-657T,Prof. Jorge Ward Jr.,1978-08-07,M
720414-668E,Paige Conn,1972-04-14,F
060406-686D,Dovie West,2006-04-06,F
110420-6983,Nellie Nitzsche,2011-04-20,F
820428-701R,Dallas Collins,1982-04-28,M
930804-7021,Prof. Harrison Toy,1993-08-04,M
761223-707W,Jacinto Prohaska,1976-12-23,M
760708-708H,Maia Towne II,1976-07-08,M
730927-7319,Mr. Gunner O'Hara MD,1973-09-27,M
851228-732X,Shanna Osinski,1985-12-28,F
210318-737O,Corine Hane,2021-03-18,F
140620-7388,Tina Kshlerin,2014-06-20,F
040208-7391,Prof. Sadye Walter,2004-02-08,F
780613-7560,Silas Fay,1978-06-13,F
840301-7572,Maxine Russel,1984-03-01,M
101229-7602,Amelie Cummings,2010-12-29,F
790121-7800,Otilia Stamm,1979-01-21,M
850310-787I,Cristal Borer,1985-03-10,M
970708-7885,Ilene Kris,1997-07-08,F
090602-7898,Hillard Boehm V,2009-06-02,M
150419-7928,Ona Crona III,2015-04-19,M
141005-8066,Dr. Rhea Schaefer I,2014-10-05,M
820906-808J,Prof. Paula Schaden I,1982-09-06,F
041113-8113,Prof. Yessenia Dooley Jr.,2004-11-13,F
940214-8179,Glenna Collier II,1994-02-14,F
040113-8197,Santiago Hintz,2004-01-13,M
770504-8289,Andreanne Stamm,1977-05-04,F
860804-829D,Miss Hope Jones,1986-08-04,F
071001-8429,Dr. Macie Ondricka,2007-10-01,F
190709-8467,Zander Powlowski,2019-07-09,M
171125-8471,Lucie Walter PhD,2017-11-25,F
710113-8500,Dr. Geovanni Krajcik,1971-01-13,M
090518-869W,Spencer Kunde,2009-05-18,M
710325-877I,Nicolette Moen,1971-03-25,F
760108-8906,Miss Helen Boyer,1976-01-08,F
060925-8919,Prof. Garry Renner Sr.,2006-09-25,M
741222-8947,Devon Nicolas,1974-12-22,M
120407-897G,Torey Mills,2012-04-07,M
810616-9029,Dr. Hester Veum PhD,1981-06-16,M
980626-9033,Leonie Dibbert,1998-06-26,M
130704-908X,Baby Kunde,2013-07-04,M
070218-9109,Angelina White,2007-02-18,F
100825-914H,Astrid Willms,2010-08-25,F
151129-922D,Ned Ziemann,2015-11-29,F
841026-9331,Brad Lehner,1984-10-26,M
760823-949J,Helene Schiller I,1976-08-23,F
161215-9509,Roslyn Rempel DDS,2016-12-15,F
730126-956K,Kayden Farrell,1973-01-26,M
891214-962C,Clifton Boyle DDS,1989-12-14,M
881210-971J,Brain Greenholt,1988-12-10,M
110614-978B,Ms. Hanna Corkery,2011-06-14,F
830908-9826,Ana Ward,1983-09-08,F
080305-985A,Ricky Kuhn,2008-03-05,M
011119-9865,Ahmad Kovacek,2001-11-19,M
,,,
,,,
,,,
,,,
,,,
,,,
,,,
,,,
,,,
,,,
,,,
,,,
,,,
,,,
,,,
,,,
,,,
,,,
,,,
,,,
,,,
,,,
,,,
,,,
,,,
,,,
,,,
,,,
,,,
,,,
,,,
,,,
,,,
,,,
,,,
,,,
,,,
,,,
,,,
,,,
,,,
,,,
,,,
,,,
,,,
,,,
,,,
,,,
,,,
,,,
,,,
,,,
,,,
,,,
,,,
,,,
,,,
,,,
,,,
,,,
,,,
,,,
,,,
,,,
,,,
,,,
,,,
,,,
,,,
,,,
,,,
,,,
,,,
,,,
,,,
,,,
,,,
,,,
,,,
,,,
,,,
,,,
,,,
,,,
,,,
,,,
,,,
,,,
,,,
,,,
,,,
,,,
,,,
,,,
,,,
,,,
,,,
,,,
,,,
,,,
,,,
,,,
,,,
,,,
,,,
,,,
,,,
,,,
,,,
,,,
,,,
,,,
,,,
,,,
,,,
,,,
,,,
,,,
,,,
,,,
,,,
,,,
,,,
,,,
,,,
,,,
,,,
,,,
,,,
,,,
,,,
,,,
,,,
,,,
,,,
,,,
,,,
,,,
,,,
,,,
,,,
,,,
,,,
,,,
,,,
,,,
,,,
,,,
,,,
,,,
,,,
,,,
,,,
,,,
,,,
,,,
,,,
,,,
,,,
,,,
,,,
,,,
,,,
,,,
,,,
,,,
,,,
,,,
,,,
,,,
,,,
,,,
,,,
,,,
,,,
,,,
,,,
,,,
,,,
,,,
,,,
,,,
,,,
,,,
,,,
,,,
,,,
,,,
,,,
,,,
,,,
,,,
,,,
,,,
,,,
,,,
,,,
,,,
,,,
,,,
,,,
,,,
,,,
,,,
,,,
,,,
,,,
,,,
,,,
,,,
,,,
,,,
,,,
,,,
,,,
,,,
,,,
,,,
,,,
,,,
,,,
,,,
,,,
,,,
,,,
,,,
,,,
,,,
,,,
,,,
,,,
,,,
,,,
,,,
,,,
,,,
,,,
,,,
,,,
,,,
,,,
,,,
,,,
,,,
,,,
,,,
,,,
,,,
,,,
,,,
,,,
,,,
,,,
,,,
,,,
,,,
,,,
,,,
,,,
,,,
,,,
,,,
,,,
,,,
,,,
,,,
,,,
,,,
,,,
,,,
,,,
,,,
,,,
,,,
,,,
,,,
,,,
,,,
,,,
,,,
,,,
,,,
,,,
,,,
,,,
,,,
,,,
,,,
,,,
,,,
,,,
,,,
,,,
,,,
,,,
,,,
,,,
,,,
,,,
,,,
,,,
,,,
,,,
,,,
,,,
,,,
,,,
,,,
,,,
,,,
,,,
,,,
,,,
,,,
,,,
,,,
,,,
,,,
,,,
,,,
,,,
,,,
,,,
,,,
,,,
,,,
,,,
,,,
,,,
,,,
,,,
,,,
,,,
,,,
,,,
,,,
,,,
,,,
,,,
,,,
,,,
,,,
,,,
,,,
,,,
,,,
,,,
,,,
,,,
,,,
,,,
,,,
,,,
,,,
,,,
,,,
,,,
,,,
,,,
,,,
,,,
,,,
,,,
,,,
,,,
,,,
,,,
,,,
,,,
,,,
,,,
,,,
,,,
,,,
,,,
,,,
,,,
,,,
,,,
,,,
,,,
,,,
,,,
,,,
,,,
,,,
,,,
,,,
,,,
,,,
,,,
,,,
,,,
,,,
,,,
,,,
,,,
,,,
,,,
,,,
,,,
,,,
,,,
,,,
,,,
,,,
,,,
,,,
,,,
,,,
,,,
,,,
,,,
,,,
,,,
,,,
,,,
,,,
,,,
,,,
,,,
,,,
,,,
,,,
,,,
,,,
,,,
,,,
,,,
,,,
,,,
,,,
,,,
,,,
,,,
,,,
,,,
,,,
,,,
,,,
,,,
,,,
,,,
,,,
,,,
,,,
,,,
,,,
,,,
,,,
,,,
,,,
,,,
,,,
,,,
,,,
,,,
,,,
,,,
,,,
,,,
,,,
,,,
,,,
,,,
,,,
,,,
,,,
,,,
,,,
,,,
,,,
,,,
,,,
,,,
,,,
,,,
,,,
,,,
,,,
,,,
,,,
,,,
,,,
,,,
,,,
,,,
,,,
,,,
,,,
,,,
,,,
,,,
,,,
,,,
,,,
,,,
,,,
,,,
,,,
,,,
,,,
,,,
,,,
,,,
,,,
,,,
,,,
,,,
,,,
,,,
,,,
,,,
,,,
,,,
,,,
,,,
,,,
,,,
,,,
,,,
,,,
,,,
,,,
,,,
,,,
,,,
,,,
,,,
,,,
,,,
,,,
,,,
,,,
,,,
,,,
,,,
,,,
,,,
,,,
,,,
,,,
,,,
,,,
,,,
,,,
,,,
,,,
,,,
,,,
,,,
,,,
,,,
,,,
,,,
,,,
,,,
,,,
,,,
,,,
,,,
,,,
,,,
,,,
,,,
,,,
,,,
,,,
,,,
,,,
,,,
,,,
,,,
,,,
,,,
,,,
,,,
,,,
,,,
,,,
,,,
,,,
,,,
,,,
,,,
,,,
,,,
,,,
,,,
,,,
,,,
,,,
,,,
,,,
,,,
,,,
,,,
,,,
,,,
,,,
,,,
,,,
,,,
,,,
,,,
,,,
,,,
,,,
,,,
,,,
,,,
,,,
,,,
,,,
,,,
,,,
,,,
,,,
,,,
,,,
,,,
,,,
,,,
,,,
,,,
,,,
,,,
,,,
,,,
,,,
,,,
,,,
,,,
,,,
,,,
,,,
,,,
,,,
,,,
,,,
,,,
,,,
,,,
,,,
,,,
,,,
,,,
,,,
,,,
,,,
,,,
,,,
,,,
,,,
,,,
,,,
,,,
,,,
,,,
,,,
,,,
,,,
,,,
,,,
,,,
,,,
,,,
,,,
,,,
,,,
,,,
,,,
,,,
,,,
,,,
,,,
,,,
,,,
,,,
,,,
,,,
,,,
,,,
,,,
,,,
,,,
,,,
,,,
,,,
,,,
,,,
,,,
,,,
,,,
,,,
,,,
,,,
,,,
,,,
,,,
,,,
,,,
,,,
,,,
,,,
,,,
,,,
,,,
,,,
,,,
,,,
,,,
,,,
,,,
,,,
,,,
,,,
,,,
,,,
,,,
,,,
,,,
,,,
,,,
,,,
,,,
,,,
,,,
,,,
,,,
,,,
,,,
,,,
,,,
,,,
,,,
,,,
,,,
,,,
,,,
,,,
,,,
,,,
,,,
,,,
,,,
,,,
,,,
,,,
,,,
,,,
,,,
,,,
,,,
,,,
,,,
,,,
,,,
,,,
,,,
,,,
,,,
,,,
,,,
,,,
,,,
,,,
,,,
,,,
,,,
,,,
,,,
,,,
,,,
,,,
,,,
,,,
,,,
,,,
,,,
,,,
,,,
,,,
,,,
,,,
,,,
,,,
,,,
,,,
,,,
,,,
,,,
,,,
,,,
,,,
,,,
,,,
,,,
,,,
,,,
,,,
,,,
,,,
,,,
,,,
,,,
,,,
,,,
,,,
,,,
,,,
,,,
,,,
,,,
,,,
,,,
,,,
,,,
,,,
,,,
,,,
,,,
,,,
,,,
,,,
,,,
,,,
,,,
,,,
,,,
,,,
,,,
,,,
,,,
,,,
,,,
,,,
,,,
,,,
,,,
,,,
,,,
,,,
,,,
,,,
,,,
,,,
,,,
,,,
